Rank,Gene,Variant,Residue,Structural Region,ClinVar Significance,Disease/Trait,Pocket Distance (Å),Pocket Proximity Score,Pathogenicity Score,Region Drug Score,Rarity Score,Structural Opportunity Score,Tractability Modifier,Tractability Class,Tractability Basis,Rescue Priority Score,WT Docking ΔG (kcal/mol),WT Docking Score,Final Rescue Score,Rescue Tier,Candidate Drug,Drug Phase,Paralog Identity (X/5),Cross-Species Identity (X/4),Paralog Conservation Status,Cross-Species Conservation Status,ConSurf-Like Grade (1-9),Structural Coords Available,Source
1,KCNQ2,T276I,276.0,Pore Domain (S5-S6),Pathogenic,not provided,5.710049346211842,0.6834034053133389,0.90541,0.9,1.0,0.8358141918596684,1.0,partial_rescue,bhatt_direct,0.8358141918596684,-5.585,0.39625,0.7479013534877348,LOW,Retigabine (Ezogabine),4,4/5,4/4,variable,identical,8,True,ClinVar
2,KCNQ2,A306V,306.0,Pore Domain (S5-S6),Pathogenic,Early-infantile DEE,5.812765416023389,0.6787396242536942,0.8964099999999999,0.9,1.0,0.8314818684887928,1.0,partial_rescue,bhatt_direct,0.8314818684887928,-5.6,0.3999999999999999,0.7451854947910342,LOW,Retigabine (Ezogabine),4,5/5,4/4,identical,identical,9,True,ClinVar
3,KCNQ2,A306P,306.0,Pore Domain (S5-S6),Pathogenic,"Seizures, benign familial neonatal, 1",5.812765416023389,0.6787396242536942,0.8937999999999999,0.9,1.0,0.8306988684887928,1.0,partial_rescue,bhatt_direct,0.8306988684887928,-5.588,0.397,0.7439590947910343,LOW,Retigabine (Ezogabine),4,5/5,4/4,identical,identical,9,True,ClinVar
4,KCNQ1,L273F,273.0,Pore Domain (S5-S6),Likely pathogenic,Long QT syndrome 1,4.591552290832867,0.7363104176524916,0.8264900000000001,0.9,1.0,0.830655646178372,0.85,default_unknown,heuristic,0.7060572992516161,-4.903,0.2257499999999999,0.6099958394012929,LOW,Mexiletine,4,5/5,4/4,identical,identical,9,True,ClinVar
5,KCNQ1,L273I,273.0,Pore Domain (S5-S6),Likely pathogenic,Long QT syndrome,4.591552290832867,0.7363104176524916,0.7917800000000002,0.9,1.0,0.8202426461783721,0.85,default_unknown,heuristic,0.6972062492516162,-4.875,0.21875,0.6015149994012929,LOW,Mexiletine,4,5/5,4/4,identical,identical,9,True,ClinVar
6,KCNQ1,G306R,306.0,Pore Domain (S5-S6),Pathogenic,Cardiovascular phenotype,1.9174933699396832,0.8800004225590055,0.94738,0.9,1.0,0.9172141478956518,0.75,severe_pore_lof_like,heuristic,0.6879106109217389,-4.859,0.21475,0.5932784887373912,LOW,Mexiletine,4,5/5,4/4,identical,identical,9,True,ClinVar
7,KCNQ3,I317T,317.0,Pore Domain (S5-S6),Pathogenic/Likely pathogenic,KCNQ3-related disorder,11.71286927633558,0.4580128897267867,0.88049,0.9,1.0,0.7494515114043753,0.85,default_unknown,heuristic,0.637033784693719,-6.022,0.5055000000000001,0.6107270277549752,LOW,Retigabine (Ezogabine),4,5/5,4/4,identical,identical,9,True,ClinVar
8,KCNQ4,L281S,281.0,Pore Domain (S5-S6),Pathogenic,not provided,7.887338587314183,0.5910689672750461,0.9394,0.9,1.0,0.8136941385462662,0.75,severe_pore_lof_like,heuristic,0.6102706039096997,-6.529,0.63225,0.6146664831277597,LOW,Retigabine (Ezogabine),4,4/5,4/4,conservative,identical,8,True,ClinVar
9,KCNQ4,T280K,280.0,Pore Domain (S5-S6),Conflicting classifications of pathogenicity,not provided,10.230732176784054,0.505580092070327,0.7177100000000001,0.9,1.0,0.7172660322246144,0.85,default_unknown,heuristic,0.6096761273909223,-6.447,0.61175,0.6100909019127378,LOW,Retigabine (Ezogabine),4,5/5,4/4,identical,identical,9,True,ClinVar
10,KCNQ5,V145G,145.0,Voltage-Sensing Domain,Pathogenic,"Intellectual disability, autosomal dominant 46",18.387500931611285,0.2935129859814696,0.91753,0.6,1.0,0.6279885450935143,0.95,vsd_gating_like,heuristic,0.5965891178388386,-4.804,0.201,0.5174712942710709,LOW,Retigabine (Ezogabine),4,5/5,4/4,identical,identical,9,True,ClinVar
