gene,protein_change,residue_num,candidate,residue_label,aa_in_KCNQ1,aa_in_KCNQ2,aa_in_KCNQ3,aa_in_KCNQ4,aa_in_KCNQ5,paralog_identity_n,paralog_identity_label,paralog_conservation_status,paralog_conservation_fraction,cross_species_identity_n,cross_species_identity_label,cross_species_conservation_fraction,cross_species_conservation_status,paralog_conservation_grade_1to9,consurf_like_grade_1to9,ortholog_accessions
KCNQ2,T276I,276,KCNQ2 T276I,T276,T,T,A,T,T,4,4/5,variable,0.8,4,4/4,1.0,identical,7,8,human:O43526(reviewed_human_reference) | mouse:Q9Z351(reviewed_search_hit) | rat:O88943(reviewed_search_hit) | zebrafish:A0A8M3B3S0(best_available_search_hit)
KCNQ2,A306V,306,KCNQ2 A306V,A306,A,A,A,A,A,5,5/5,identical,1.0,4,4/4,1.0,identical,9,9,human:O43526(reviewed_human_reference) | mouse:Q9Z351(reviewed_search_hit) | rat:O88943(reviewed_search_hit) | zebrafish:A0A8M3B3S0(best_available_search_hit)
KCNQ2,A306P,306,KCNQ2 A306P,A306,A,A,A,A,A,5,5/5,identical,1.0,4,4/4,1.0,identical,9,9,human:O43526(reviewed_human_reference) | mouse:Q9Z351(reviewed_search_hit) | rat:O88943(reviewed_search_hit) | zebrafish:A0A8M3B3S0(best_available_search_hit)
KCNQ1,L273F,273,KCNQ1 L273F,L273,L,L,L,L,L,5,5/5,identical,1.0,4,4/4,1.0,identical,9,9,human:P51787(reviewed_human_reference) | mouse:P97414(reviewed_search_hit) | rat:Q9Z0N7(reviewed_search_hit) | zebrafish:B0R0K2(best_available_search_hit)
KCNQ1,L273I,273,KCNQ1 L273I,L273,L,L,L,L,L,5,5/5,identical,1.0,4,4/4,1.0,identical,9,9,human:P51787(reviewed_human_reference) | mouse:P97414(reviewed_search_hit) | rat:Q9Z0N7(reviewed_search_hit) | zebrafish:B0R0K2(best_available_search_hit)
KCNQ1,G306R,306,KCNQ1 G306R,G306,G,G,G,G,G,5,5/5,identical,1.0,4,4/4,1.0,identical,9,9,human:P51787(reviewed_human_reference) | mouse:P97414(reviewed_search_hit) | rat:Q9Z0N7(reviewed_search_hit) | zebrafish:B0R0K2(best_available_search_hit)
KCNQ3,I317T,317,KCNQ3 I317T,I317,I,I,I,I,I,5,5/5,identical,1.0,4,4/4,1.0,identical,9,9,human:O43525(reviewed_human_reference) | mouse:Q8K3F6(reviewed_search_hit) | rat:O88944(reviewed_search_hit) | zebrafish:A0A8M9PQX0(best_available_search_hit)
KCNQ4,L281S,281,KCNQ4 L281S,L281,V,L,L,L,L,4,4/5,conservative,0.8,4,4/4,1.0,identical,7,8,human:P56696(reviewed_human_reference) | mouse:Q9JK97(reviewed_search_hit) | rat:Q9JK96(reviewed_search_hit) | zebrafish:A0AC58I1A1(best_available_search_hit)
KCNQ4,T280K,280,KCNQ4 T280K,T280,T,T,T,T,T,5,5/5,identical,1.0,4,4/4,1.0,identical,9,9,human:P56696(reviewed_human_reference) | mouse:Q9JK97(reviewed_search_hit) | rat:Q9JK96(reviewed_search_hit) | zebrafish:A0AC58I1A1(best_available_search_hit)
KCNQ5,V145G,145,KCNQ5 V145G,V145,V,V,V,V,V,5,5/5,identical,1.0,4,4/4,1.0,identical,9,9,human:Q9NR82(reviewed_human_reference) | mouse:Q9JK45(reviewed_search_hit) | rat:A0A8I5ZXW9(best_available_search_hit) | zebrafish:A0A8M9PYN5(best_available_search_hit)
