candidate,is_base_top10,inclusion_count,inclusion_proportion,present_in_ge_90pct,median_rank_when_present,mean_rank_when_present,min_rank_when_present,max_rank_when_present
KCNQ2 T276I,True,625,1.0,True,1.0,1.0,1,1
KCNQ2 A306V,True,625,1.0,True,2.0,2.0,2,2
KCNQ2 A306P,True,625,1.0,True,3.0,3.0,3,3
KCNQ1 L273F,True,625,1.0,True,4.0,4.0,4,4
KCNQ3 I317T,True,625,1.0,True,7.0,7.0,7,7
KCNQ4 L281S,True,622,0.9952,True,9.0,8.590032154340836,8,10
KCNQ1 L273I,True,615,0.984,True,5.0,5.071544715447154,5,6
KCNQ4 T280K,True,602,0.9632,True,9.0,8.705980066445182,8,10
KCNQ1 G306R,True,344,0.5504,False,6.0,5.988372093023256,5,6
KCNQ5 V145G,True,329,0.5264,False,10.0,9.346504559270517,8,10
KCNQ3 I317M,False,286,0.4576,False,10.0,9.993006993006993,9,10
KCNQ1 G272D,False,281,0.4496,False,6.0,5.822064056939502,5,6
KCNQ3 R230S,False,36,0.0576,False,10.0,9.944444444444445,9,10
KCNQ1 S338F,False,10,0.016,False,6.0,6.0,6,6
