candidate,weight_name,presence_rate_span,median_rank_span,median_rank_at_neg20,median_rank_at_neg10,median_rank_at_base,median_rank_at_pos10,median_rank_at_pos20
KCNQ1 G306R,pocket,0.1968,0.0,6.0,6.0,6.0,6.0,6.0
KCNQ5 V145G,path,0.1824,1.0,10.0,10.0,10.0,10.0,9.0
KCNQ1 G272D,pocket,0.1824,0.0,6.0,6.0,6.0,6.0,
KCNQ3 I317M,path,0.1824,0.0,10.0,10.0,10.0,10.0,10.0
KCNQ5 V145G,region,0.1104,1.0,9.0,10.0,10.0,10.0,10.0
KCNQ3 I317M,region,0.096,0.0,10.0,10.0,10.0,10.0,10.0
KCNQ3 I317M,pocket,0.0848,0.0,10.0,10.0,10.0,10.0,10.0
KCNQ5 V145G,pocket,0.0704,2.0,8.0,10.0,10.0,10.0,10.0
KCNQ1 G272D,region,0.0704,0.0,6.0,6.0,6.0,6.0,6.0
KCNQ1 G306R,region,0.0704,0.0,6.0,6.0,6.0,6.0,6.0
KCNQ1 G272D,path,0.0544,0.0,6.0,6.0,6.0,6.0,6.0
KCNQ1 G306R,path,0.0544,0.0,6.0,6.0,6.0,6.0,6.0
KCNQ3 R230S,pocket,0.0544,0.0,10.0,10.0,,,
KCNQ4 T280K,path,0.0368,1.5,8.0,8.0,9.0,9.0,9.5
KCNQ4 T280K,pocket,0.0368,1.0,8.0,9.0,9.0,9.0,9.0
KCNQ3 R230S,path,0.032,0.0,,,10.0,10.0,10.0
KCNQ1 G272D,rarity,0.0304,0.0,6.0,6.0,6.0,6.0,6.0
KCNQ1 G306R,rarity,0.0304,0.0,6.0,6.0,6.0,6.0,6.0
KCNQ5 V145G,rarity,0.024,0.0,10.0,10.0,10.0,10.0,10.0
KCNQ3 I317M,rarity,0.0192,0.0,10.0,10.0,10.0,10.0,10.0
KCNQ1 L273I,path,0.016,0.0,5.0,5.0,5.0,5.0,5.0
KCNQ1 L273I,pocket,0.016,0.0,5.0,5.0,5.0,5.0,5.0
KCNQ3 R230S,region,0.016,0.0,10.0,10.0,10.0,10.0,10.0
KCNQ1 L273I,region,0.008,0.0,5.0,5.0,5.0,5.0,5.0
KCNQ4 L281S,pocket,0.0048,1.0,9.0,9.0,9.0,8.0,8.0
KCNQ4 L281S,region,0.0048,1.0,8.0,8.0,9.0,9.0,9.0
KCNQ3 R230S,rarity,0.0048,0.0,10.0,10.0,10.0,10.0,10.0
KCNQ4 L281S,path,0.0032,1.0,9.0,9.0,9.0,8.0,8.0
KCNQ4 L281S,rarity,0.0032,1.0,8.0,8.0,9.0,9.0,9.0
KCNQ4 T280K,region,0.0032,1.0,9.0,9.0,9.0,8.0,8.0
KCNQ4 T280K,rarity,0.0016,1.0,9.0,9.0,9.0,8.0,8.0
KCNQ1 L273F,path,0.0,0.0,4.0,4.0,4.0,4.0,4.0
KCNQ1 L273F,pocket,0.0,0.0,4.0,4.0,4.0,4.0,4.0
KCNQ1 L273F,region,0.0,0.0,4.0,4.0,4.0,4.0,4.0
KCNQ1 L273F,rarity,0.0,0.0,4.0,4.0,4.0,4.0,4.0
KCNQ1 L273I,rarity,0.0,0.0,5.0,5.0,5.0,5.0,5.0
KCNQ1 S338F,path,0.0,0.0,,,,,6.0
KCNQ1 S338F,pocket,0.0,0.0,6.0,,,,
KCNQ1 S338F,region,0.0,0.0,,,,6.0,6.0
KCNQ1 S338F,rarity,0.0,0.0,6.0,6.0,6.0,6.0,6.0
KCNQ2 A306P,path,0.0,0.0,3.0,3.0,3.0,3.0,3.0
KCNQ2 A306P,pocket,0.0,0.0,3.0,3.0,3.0,3.0,3.0
KCNQ2 A306P,region,0.0,0.0,3.0,3.0,3.0,3.0,3.0
KCNQ2 A306P,rarity,0.0,0.0,3.0,3.0,3.0,3.0,3.0
KCNQ2 A306V,path,0.0,0.0,2.0,2.0,2.0,2.0,2.0
KCNQ2 A306V,pocket,0.0,0.0,2.0,2.0,2.0,2.0,2.0
KCNQ2 A306V,region,0.0,0.0,2.0,2.0,2.0,2.0,2.0
KCNQ2 A306V,rarity,0.0,0.0,2.0,2.0,2.0,2.0,2.0
KCNQ2 T276I,path,0.0,0.0,1.0,1.0,1.0,1.0,1.0
KCNQ2 T276I,pocket,0.0,0.0,1.0,1.0,1.0,1.0,1.0
KCNQ2 T276I,region,0.0,0.0,1.0,1.0,1.0,1.0,1.0
KCNQ2 T276I,rarity,0.0,0.0,1.0,1.0,1.0,1.0,1.0
KCNQ3 I317T,path,0.0,0.0,7.0,7.0,7.0,7.0,7.0
KCNQ3 I317T,pocket,0.0,0.0,7.0,7.0,7.0,7.0,7.0
KCNQ3 I317T,region,0.0,0.0,7.0,7.0,7.0,7.0,7.0
KCNQ3 I317T,rarity,0.0,0.0,7.0,7.0,7.0,7.0,7.0
